index,dt,AverageTemperature,AverageTemperatureUncertainty,City,Country,Latitude,Longitude
1693840,1854-08-01,22.649,1.754,Cleveland,United States,40.99N,80.95W
3732253,1968-01-01,25.851999999999997,0.522,Kedungwuni,Indonesia,7.23S,109.46E
7449198,2013-05-01,23.647,0.214,Tanta,Egypt,31.35N,30.16E
7532960,1910-02-01,12.168,0.493,Tempe,United States,32.95N,112.02W
7983183,1781-09-01,12.896,6.697,Velikie Luki,Russia,57.05N,30.98E
8212323,1927-07-01,25.624,0.197,Wichita,United States,37.78N,97.63W
1714182,1856-08-01,23.258000000000006,1.5119999999999998,Colima,Mexico,20.09N,104.08W
2524624,1856-01-01,6.574,1.382,Gebze,Turkey,40.99N,29.82E
5218021,1775-04-01,8.958,2.127,Newport,United Kingdom,52.24N,2.63W
2816448,1859-06-01,17.105999999999998,1.961,Hakodate,Japan,40.99N,140.59E
7627503,2007-05-01,31.963,0.823,Tiruchchirappalli,India,10.45N,79.36E
4249441,1961-11-01,25.937,0.237,Libreville,Gabon,0.80N,8.84E
8179575,1879-01-01,-3.6,0.7240000000000001,Weifang,China,36.17N,119.34E
4373974,1972-05-01,24.023000000000003,0.21600000000000005,Loum,Cameroon,5.63N,9.69E
5618731,2012-03-01,27.183000000000003,0.504,Pakokku,Burma,21.70N,94.33E
8560047,1900-02-01,-0.502,2.749,Zhuozhou,China,39.38N,116.53E
6116626,1964-01-01,-7.8569999999999975,0.47,Pyatigorsk,Russia,44.20N,42.48E
1986729,1928-10-01,10.523,1.153,Deyang,China,31.35N,103.66E
7523980,1863-10-01,,,Teluknaga,Indonesia,5.63S,106.55E
4153070,1890-08-01,22.284000000000002,0.682,Las Palmas,Spain,28.13N,15.45W
2412523,1877-01-01,6.331,1.632,Fujieda,Japan,34.56N,138.16E
1581731,1903-11-01,-17.104,1.653,Chita,Russia,52.24N,112.99E
8277426,2010-12-01,-12.908,0.563,Wuwei,China,37.78N,101.69E
4301536,1923-11-01,10.669999999999998,0.584,Lisbon,Portugal,39.38N,8.32W
4222751,2009-10-01,20.114,0.295,Lengshuijiang,China,28.13N,111.82E
5147460,1975-11-01,22.763,0.28300000000000003,Navadwip,India,23.31N,88.25E
5013196,1882-02-01,24.023000000000003,1.114,Mwene Ditu,Congo (Democratic Republic Of The),7.23S,23.51E
4395928,1899-11-01,22.558000000000003,1.092,Lubumbashi,Congo (Democratic Republic Of The),12.05S,27.95E
8249780,1807-10-01,10.372,1.5530000000000002,Worcester,United Kingdom,52.24N,2.63W
1119289,1898-08-01,17.878999999999994,0.459,Bremen,Germany,53.84N,9.55E
3695884,1818-03-01,24.434,2.317,Katihar,India,24.92N,86.90E
6493334,1785-12-01,11.178,2.274,Sabadell,Spain,40.99N,2.13E
6509361,1912-07-01,34.739000000000004,0.531,Sadiqabad,Pakistan,28.13N,70.00E
6066066,1885-06-01,28.815,0.289,Pudukkottai,India,10.45N,79.36E
2075049,1942-07-01,15.391000000000002,0.51,Dourados,Brazil,21.70S,54.52W
4807943,1836-03-01,12.369000000000002,1.878,Mianyang,China,31.35N,105.55E
4162006,1870-08-01,26.061,0.565,Lashio,Burma,23.31N,96.99E
7269763,2011-05-01,33.624,0.223,Suriapet,India,16.87N,80.37E
2841823,1954-05-01,14.02,0.585,Hami,China,42.59N,93.82E
1030482,1920-11-01,18.904,0.7070000000000001,Boksburg,South Africa,26.52S,28.66E
5938134,1895-03-01,4.12,0.405,Podgorica,Montenegro,42.59N,19.64E
8556572,1976-06-01,13.255999999999998,0.302,Zhukovskiy,Russia,55.45N,36.85E
3804355,1851-06-01,33.181000000000004,1.4,Khurja,India,28.13N,77.27E
1860415,1840-04-01,14.618,2.647,Dahuk,Iraq,36.17N,43.76E
4348981,1915-06-01,14.837,0.405,Longjing,China,42.59N,128.73E
2039458,1878-11-01,26.221,1.136,Divo,Côte D'Ivoire,5.63N,4.84W
4172125,1956-04-01,6.59,0.21,Lausanne,Switzerland,45.81N,5.77E
2321444,1893-01-01,27.583,2.0540000000000003,Fernando De La Mora,Paraguay,24.92S,56.75W
6387530,1982-10-01,15.922,0.14300000000000002,Rizhao,China,36.17N,119.34E
5221534,1798-02-01,2.5780000000000003,2.818,Newport News,United States,37.78N,77.29W
1285405,1979-11-01,26.65,0.484,Cagua,Venezuela,10.45N,67.91W
2226725,1776-12-01,1.415,3.733,Enschede,Netherlands,52.24N,7.88E
7869357,1815-10-01,-2.548,3.7,Ukhta,Russia,63.49N,52.20E
3484565,1890-09-01,22.003,0.969,Jiujiang,China,29.74N,116.31E
7488118,1967-07-01,24.686,0.485,Tartus,Syria,34.56N,35.03E
4183436,1817-10-01,7.3439999999999985,3.347,Le Havre,France,49.03N,0.00W
3737440,1853-01-01,25.024,1.33,Kemang,Indonesia,7.23S,106.22E
7966722,1918-07-01,16.169999999999998,0.399,Vancouver,United States,45.81N,123.46W
3083324,2010-04-01,12.86,0.277,Huzhou,China,31.35N,120.63E
4240791,1954-07-01,29.867,0.385,Liancheng,China,21.70N,109.90E
5026029,1798-08-01,,,Nacala,Mozambique,15.27S,40.83E
3250963,1985-11-01,18.202,0.241,Islamabad,Pakistan,32.95N,73.72E
3541965,2003-03-01,28.255,0.201,Kabankalan,Philippines,10.45N,123.55E
4567735,1833-07-01,31.633000000000006,1.7080000000000002,Maler Kotla,India,29.74N,75.69E
3838760,1911-02-01,24.502,0.29600000000000004,Kingston,Jamaica,18.48N,76.06W
4474179,1978-11-01,22.672,0.479,Macaé,Brazil,21.70S,42.40W
5170855,1816-10-01,-6.135,4.922,Nefteyugansk,Russia,61.88N,73.02E
7955174,1924-11-01,11.7,0.396,Vallejo,United States,37.78N,122.03W
7566618,1884-09-01,26.022,0.647,Thana,India,18.48N,72.68E
7157181,1881-09-01,21.002,0.55,Stamford,United States,40.99N,74.56W
2685341,1873-05-01,24.83,1.616,Guangzhou,China,23.31N,112.72E
3952318,1851-05-01,14.871999999999998,1.332,Koshigaya,Japan,36.17N,139.23E
8026446,1859-04-01,,,Vihari,Pakistan,29.74N,72.00E
1972796,1882-03-01,6.9239999999999995,0.4920000000000001,Derby,United Kingdom,53.84N,1.36W
879828,1877-04-01,27.729,1.083,Bhagalpur,India,24.92N,86.90E
4045111,1898-11-01,12.428,0.422,Kurashiki,Japan,34.56N,134.27E
7336948,2000-07-01,27.32,0.243,Tacloban,Philippines,12.05N,124.93E
2348125,1879-05-01,18.918,1.056,Florianópolis,Brazil,28.13S,48.18W
606825,1958-08-01,26.682,0.489,Bama,Nigeria,12.05N,13.15E
7418578,2007-08-01,28.94400000000001,0.172,Tampa,United States,28.13N,82.73W
1697502,1889-11-01,3.4619999999999997,0.888,Cluj Napoca,Romania,47.42N,22.50E
4862081,1869-02-01,14.64,1.595,Misratah,Libya,32.95N,14.36E
7165772,1787-11-01,0.10599999999999987,1.253,Stavanger,Norway,58.66N,6.15E
3805376,1936-07-01,30.244,0.259,Khurja,India,28.13N,77.27E
355147,1895-04-01,23.289,0.6809999999999999,Apodaca,Mexico,26.52N,100.30W
6116752,1974-07-01,18.432000000000002,0.317,Pyatigorsk,Russia,44.20N,42.48E
4889029,1924-07-01,15.941,0.386,Moji Das Cruzes,Brazil,23.31S,46.31W
2508988,1854-04-01,26.936,2.692,Gazipur,Bangladesh,23.31N,90.00E
2575384,1869-08-01,20.805,1.088,Girardot,Colombia,4.02N,74.73W
3128180,1939-04-01,27.132,0.6809999999999999,Ikare,Nigeria,7.23N,5.68E
3587533,1753-08-01,16.487000000000002,6.017,Kaluga,Russia,53.84N,36.82E
4719725,1946-06-01,27.21,0.733,Mawlamyine,Burma,16.87N,97.12E
1986220,1886-05-01,15.009,1.046,Deyang,China,31.35N,103.66E
8550383,1903-05-01,24.837,0.529,Zhuhai,China,21.70N,113.37E
7406739,1967-05-01,27.122,0.462,Taman,Indonesia,7.23S,112.70E
4927370,1883-04-01,31.303,1.588,Mopti,Mali,15.27N,4.17W
897659,1838-12-01,18.832,2.198,Bhilai,India,21.70N,82.21E
5840590,1891-01-01,11.789000000000001,1.105,Phagwara,India,31.35N,75.39E
1570349,1977-05-01,19.387,0.338,Chincha Alta,Peru,13.66S,76.79W
5997452,1890-01-01,22.872,0.638,Porto Alegre,Brazil,29.74S,51.69W
3183756,1981-10-01,26.589,0.504,Indramayu,Indonesia,5.63S,108.16E
8408199,2007-11-01,7.4209999999999985,0.172,Yidu,China,36.17N,119.34E
7901078,1939-11-01,9.971,0.221,Urayasu,Japan,36.17N,139.23E
3341224,1900-01-01,14.873,0.669,Jaipur,India,26.52N,75.22E
7867107,1898-03-01,25.544,0.429,Ujjain,India,23.31N,76.02E
5353083,1965-08-01,16.604,0.242,Novokuznetsk,Russia,53.84N,85.91E
2354328,1936-08-01,17.532999999999998,0.415,Focsani,Romania,45.81N,26.54E
5391017,1946-08-01,16.427,0.509,Oberhausen,Germany,50.63N,6.34E
1323197,1975-02-01,4.298,0.337,Cambridge,United Kingdom,52.24N,0.00W
3308891,1948-12-01,2.122,0.79,Izmit,Turkey,40.99N,29.82E
2173182,1880-01-01,22.49,1.337,Ejido,Venezuela,8.84N,70.54W
1200418,1873-08-01,29.718000000000004,1.293,Bulandshahr,India,28.13N,77.27E
2945741,1865-11-01,20.157,1.087,Hialeah,United States,26.52N,80.60W
2249846,1966-03-01,-0.04599999999999982,0.61,Erzurum,Turkey,39.38N,41.62E
6452234,1790-05-01,9.607999999999999,2.192,Rybinsk,Russia,58.66N,40.00E
259174,1814-01-01,18.099,3.08,Amravati,India,21.70N,77.02E
3877880,1796-10-01,7.174,1.489,Kitchener,Canada,44.20N,80.50W
1393955,1934-03-01,7.552,0.389,Cary,United States,36.17N,79.56W
5733753,1947-07-01,29.414,0.455,Patan,India,23.31N,72.52E
4124454,1828-04-01,16.201999999999998,2.26,Lalitpur,Nepal,28.13N,84.55E
8257024,1871-08-01,16.784000000000002,0.363,Wroclaw,Poland,50.63N,16.48E
5768487,1998-09-01,23.284,0.463,Peking,China,39.38N,116.53E
3695489,2003-01-01,5.521999999999999,0.365,Kathmandu,Nepal,28.13N,84.55E
8028011,1989-09-01,31.59,0.287,Vihari,Pakistan,29.74N,72.00E
3280613,1909-03-01,20.927,0.96,Itaquaquecetuba,Brazil,23.31S,46.31W
7343487,1983-07-01,29.335,0.267,Tadepallegudem,India,16.87N,82.05E
3983939,1803-10-01,10.1,3.0860000000000003,Kragujevac,Serbia,44.20N,20.12E
2019609,1995-12-01,0.922,0.318,Dijon,France,47.42N,5.92E
3803270,1978-10-01,28.02,0.246,Khulna,Bangladesh,23.31N,90.00E
1354696,1876-02-01,20.285999999999998,0.99,Cape Coral,United States,26.52N,82.39W
1470432,1854-09-01,14.984000000000002,0.8290000000000001,Charleroi,Belgium,50.63N,3.80E
3285733,1936-05-01,20.697000000000006,0.394,Itu,Brazil,23.31S,48.06W
5928488,1994-09-01,13.84,0.224,Plymouth,United Kingdom,50.63N,3.80W
2285418,1775-03-01,7.422999999999999,2.382,Exeter,United Kingdom,50.63N,3.80W
6119775,2008-09-01,26.947,0.284,Pyay,Burma,18.48N,94.65E
7514672,1930-07-01,24.653,0.764,Tegucigalpa,Honduras,13.66N,86.70W
3351125,2000-04-01,31.188,0.36,Jalingo,Nigeria,8.84N,12.16E
3826986,1874-11-01,14.347,1.111,Killeen,United States,31.35N,98.01W
2116819,1978-06-01,24.483,0.388,Durango,Mexico,24.92N,104.63W
5700986,1886-02-01,1.177,0.76,Paris,France,49.03N,2.45E
5383656,1946-08-01,23.343000000000004,0.639,Nzérékoré,Guinea,7.23N,8.92W
4329230,1915-05-01,20.378,0.981,Loja,Ecuador,4.02S,79.55W
5643881,1938-05-01,27.239,0.183,Palma Soriano,Cuba,20.09N,76.78W
6446585,1859-06-01,9.409,1.449,Rustenburg,South Africa,26.52S,26.87E
6270673,1766-05-01,13.690999999999999,2.367,Ratisbon,Germany,49.03N,12.24E
3078230,1758-07-01,24.745,4.909,Huntsville,United States,34.56N,85.62W
5107743,1852-08-01,22.237,0.846,Nanpiao,China,40.99N,121.42E
7847539,1826-04-01,32.597,2.655,Udgir,India,18.48N,77.75E
6725649,1953-11-01,20.209000000000003,0.405,Santa Cruz Do Sul,Brazil,29.74S,51.69W
6296311,1891-12-01,2.943,0.388,Recklinghausen,Germany,52.24N,7.88E
7108128,1974-04-01,20.451,0.22,Sorocaba,Brazil,23.31S,48.06W
2643559,1846-12-01,10.084,1.574,Grand Prairie,United States,32.95N,96.70W
821004,1815-08-01,22.857,2.022,Benghazi,Libya,32.95N,20.11E
130631,1868-01-01,1.673,2.095,Akishima,Japan,36.17N,139.23E
7089716,1888-07-01,27.075,0.8220000000000001,Soledad,Colombia,10.45N,74.45W
3218625,1990-09-01,18.334,0.185,Irapuato,Mexico,20.09N,100.66W
1756549,1947-12-01,21.507,0.28,Contagem,Brazil,20.09S,44.36W
1073107,1929-10-01,25.359,1.236,Bouaké,Côte D'Ivoire,7.23N,5.68W
2295797,1835-02-01,14.612,2.242,Faisalabad,Pakistan,31.35N,73.51E
863282,1977-11-01,23.957,0.4,Bertoua,Cameroon,4.02N,13.66E
627595,2005-09-01,26.276,0.29600000000000004,Bandung,Indonesia,7.23S,107.84E
2627409,1967-07-01,23.703000000000007,0.47,Gongzhuling,China,44.20N,125.22E
6151861,2003-10-01,5.8,0.211,Qitaihe,China,45.81N,130.38E
7364012,1858-11-01,0.10099999999999998,1.716,Taiyuan,China,37.78N,111.86E
6952481,1876-01-01,16.23,0.861,Shillong,India,24.92N,92.22E
5716031,1950-12-01,12.748,0.241,Pasadena,United States,29.74N,96.00W
4098469,2009-06-01,25.785,0.764,Lafia,Nigeria,8.84N,8.92E
6930519,1915-04-01,7.057,0.306,Sheffield,United Kingdom,53.84N,1.36W
1482508,1833-07-01,25.583,1.4069999999999998,Chattanooga,United States,34.56N,85.62W
6829214,1936-09-01,27.826999999999998,0.214,Scottsdale,United States,32.95N,112.02W
1226011,1924-07-01,21.344,0.474,Bursa,Turkey,39.38N,29.13E
5271591,2009-01-01,25.886,0.501,Niterói,Brazil,23.31S,42.82W
2744107,1904-02-01,17.759999999999994,0.653,Gurgaon,India,28.13N,77.27E
6485752,1875-09-01,17.727,1.211,São Paulo,Brazil,23.31S,46.31W
1874967,1966-03-01,13.609000000000002,0.308,Dallas,United States,32.95N,96.70W
6571307,1916-01-01,-13.421,1.067,Salavat,Russia,53.84N,55.91E
6441798,1887-03-01,22.186,1.405,Ruiru,Kenya,0.80S,37.77E
4137804,1933-08-01,20.241,0.206,Lansing,United States,42.59N,85.09W
784959,1980-11-01,19.198,0.495,Beirut,Lebanon,34.56N,35.03E
1077859,1785-12-01,4.779,2.142,Bournemouth,United Kingdom,50.63N,1.27W
529510,1942-03-01,-1.251,0.502,Badaojiang,China,42.59N,126.55E
1901246,1995-11-01,17.976000000000006,0.424,Daska,Pakistan,32.95N,73.72E
1408907,1968-11-01,13.284,0.221,Catania,Italy,37.78N,14.24E
2428008,1981-03-01,13.321000000000002,0.242,Fullerton,United States,32.95N,117.77W
5216353,1906-03-01,3.775,0.399,Newcastle Upon Tyne,United Kingdom,55.45N,2.83W
1246467,1959-05-01,28.50800000000001,0.22,Cà Mau,Vietnam,8.84N,104.59E
2395653,1755-08-01,13.839,3.3710000000000004,Freiburg,Germany,47.42N,8.29E
6321424,1928-12-01,25.39,1.0490000000000002,Resistencia,Argentina,28.13S,59.09W
3174356,1874-11-01,4.381,0.591,Independence,United States,39.38N,93.64W
5585830,1842-05-01,25.686,1.327,Pétionville,Haiti,18.48N,72.68W
1955093,1901-01-01,-1.8519999999999999,0.459,Denver,United States,39.38N,104.05W
7541741,1915-03-01,17.886,1.22,Tepic,Mexico,21.70N,104.71W
2242061,2002-11-01,6.6129999999999995,0.193,Erlangen,Germany,49.03N,9.80E
2885894,1935-12-01,20.072000000000006,1.224,Hargeysa,Somalia,8.84N,44.59E
1126525,1961-10-01,11.445,0.312,Brescia,Italy,45.81N,10.38E
7197955,1753-07-01,20.988000000000003,1.914,Suceava,Romania,47.42N,27.24E
4108086,1920-04-01,24.739,0.902,Lahore,Pakistan,31.35N,73.51E
1584318,1901-09-01,24.704,0.618,Chitradurga,India,13.66N,76.79E
4744396,1950-12-01,20.418,0.5379999999999999,Mecca,Saudi Arabia,21.70N,40.67E
5549354,1996-10-01,10.629,0.131,Otaru,Japan,42.59N,141.82E
4601028,1993-04-01,25.057,0.956,Mandi Bahauddin,Pakistan,32.95N,73.72E
5521953,1866-03-01,9.856,1.619,Oruro,Bolivia,18.48S,67.61W
3551209,1935-01-01,24.828000000000007,1.028,Kaduna,Nigeria,10.45N,7.36E
6533566,1979-11-01,23.789,0.353,Saint Denis,Reunion,21.70S,56.25E
7199241,1860-09-01,16.195999999999998,0.927,Suceava,Romania,47.42N,27.24E
2384132,1863-08-01,19.577,1.382,Franca,Brazil,20.09S,47.77W
1039003,1933-05-01,25.436,0.74,Boma,Congo (Democratic Republic Of The),5.63S,12.91E
7960550,2009-06-01,23.256,0.402,Van,Turkey,37.78N,42.71E
2830599,1845-08-01,14.559,0.7879999999999999,Halle,Germany,50.63N,11.41E
7626729,1942-11-01,26.195,0.413,Tiruchchirappalli,India,10.45N,79.36E
5812547,1867-02-01,7.2109999999999985,2.082,Peshawar,Pakistan,34.56N,72.00E
566616,1854-06-01,20.964000000000002,1.669,Baicheng,China,45.81N,123.46E
5629628,1828-07-01,26.54,2.503,Palermo,Italy,37.78N,14.24E
7471304,2001-03-01,17.842000000000006,0.381,Tarija,Bolivia,21.70S,64.90W
7556779,1963-07-01,23.781,0.246,Terrassa,Spain,40.99N,2.13E
1146994,1980-06-01,13.675,0.153,Bristol,United Kingdom,52.24N,2.63W
3843360,1866-10-01,,,Kinshasa,Congo (Democratic Republic Of The),4.02S,15.27E
6285815,1936-06-01,25.482,0.232,Rawang,Malaysia,4.02N,102.05E
2490047,2012-08-01,22.415,0.501,Garden Grove,United States,32.95N,117.77W
5721734,1883-12-01,23.666,0.737,Paseh,Indonesia,7.23S,107.84E
8310512,1909-07-01,24.616000000000003,0.568,Xingtai,China,37.78N,113.90E
1830400,1953-06-01,10.248,0.301,Curico,Chile,34.56S,72.00W
5240913,1993-04-01,34.119,0.218,Niamey,Niger,13.66N,2.48E
2263759,1852-12-01,3.912,1.988,Eslamshahr,Iran,36.17N,51.71E
5097835,2002-02-01,23.781,0.52,Nandurbar,India,21.70N,73.56E
7081903,1918-06-01,29.878,0.47,Sohag,Egypt,26.52N,32.24E
175268,1976-10-01,9.908,0.369,Alcalá De Henares,Spain,40.99N,4.26W
7594859,1887-12-01,8.747,1.319,Thousand Oaks,United States,34.56N,118.70W
7769969,1883-07-01,23.669,0.948,Tshikapa,Congo (Democratic Republic Of The),5.63S,20.99E
5368959,1987-09-01,26.655,0.338,Nueva San Salvador,El Salvador,13.66N,90.00W
7121643,1992-04-01,8.545,0.297,Southampton,United Kingdom,50.63N,1.27W
1583077,1798-04-01,,,Chitradurga,India,13.66N,76.79E
5573738,1890-10-01,17.027,0.635,Oxnard,United States,34.56N,118.70W
2271789,1800-07-01,17.27,2.0340000000000003,Essen,Germany,50.63N,6.34E
7930791,1986-08-01,18.663,0.246,Uzhhorod,Ukraine,49.03N,22.04E
5874627,1949-05-01,26.442,0.269,Pinar Del Río,Cuba,21.70N,83.94W
1343971,1968-05-01,25.37,0.282,Cancún,Mexico,21.70N,87.40W
3577328,1869-05-01,14.593,0.985,Kalisz,Poland,52.24N,18.39E
2391788,1868-03-01,3.74,0.505,Frankfurt,Germany,50.63N,8.87E
6143833,1886-02-01,-5.5120000000000005,1.414,Qinhuangdao,China,39.38N,118.61E
1108592,1893-07-01,18.246,0.708,Bratsk,Russia,55.45N,102.05E
1825555,1897-11-01,25.015,0.901,Culiacán,Mexico,24.92N,108.18W
8470770,1872-02-01,12.302999999999999,1.545,Zacatecas,Mexico,23.31N,102.23W
3479162,1971-05-01,29.719,0.394,Jiroft,Iran,28.13N,57.27E
7036932,1941-07-01,22.929000000000002,0.404,Sioux Falls,United States,44.20N,96.15W
7774313,1908-01-01,1.102,0.544,Tsukuba,Japan,36.17N,139.23E
6576749,1913-11-01,12.083,0.5720000000000001,Salerno,Italy,40.99N,14.91E
151214,1886-07-01,26.994,0.875,Akyab,Burma,20.09N,92.13E
6424110,1913-05-01,10.895999999999999,0.28600000000000003,Rotherham,United Kingdom,53.84N,1.36W
7708280,2004-02-01,15.136,0.523,Torreón,Mexico,24.92N,102.86W
2775592,2009-10-01,27.273000000000003,0.251,Habra,India,23.31N,88.25E
7996448,1950-10-01,23.07500000000001,0.315,Veracruz,Mexico,18.48N,96.34W
6105059,1976-10-01,25.508000000000006,0.486,Purwakarta,Indonesia,7.23S,107.84E
571062,2007-03-01,26.41500000000001,0.209,Baidyabati,India,23.31N,88.25E
8082723,1985-05-01,25.535,0.237,Vitória De Santo Antão,Brazil,8.84S,34.86W
8037821,1843-06-01,26.57500000000001,1.635,Villahermosa,Mexico,18.48N,92.96W
4036665,1930-11-01,25.917,0.514,Kumba,Cameroon,4.02N,8.84E
8451951,1896-03-01,16.561999999999998,0.8290000000000001,Yungho,Taiwan,24.92N,122.36E
1209166,1910-08-01,35.251,0.5329999999999999,Buraydah,Saudi Arabia,26.52N,44.78E
1546339,1993-02-01,-0.58,0.327,Chicago,United States,42.59N,87.27W
5804281,1862-11-01,8.581,1.252,Perugia,Italy,42.59N,13.09E
8262103,1908-07-01,23.731,0.5579999999999999,Wufeng,China,28.13N,104.55E
6502404,1876-11-01,17.023,1.137,Sabratah,Libya,32.95N,12.45E
6937135,1911-02-01,13.451,0.747,Shenzhen,Hong Kong,23.31N,114.47E
3156719,1872-07-01,,,Ilobu,Nigeria,7.23N,4.05E
5016173,1941-06-01,28.988000000000003,0.413,My Tho,Vietnam,10.45N,105.55E
7557922,1894-01-01,26.155,0.6409999999999999,Teshie,Ghana,5.63N,0.00W
5242793,1880-01-01,-3.117,0.94,Nice,France,44.20N,6.71E
3650567,1995-07-01,20.989,0.61,Karaman,Turkey,37.78N,32.54E
5753623,1959-07-01,20.408,0.383,Patos De Minas,Brazil,18.48S,47.32W
5183019,1880-11-01,18.745,1.585,Nelspruit,South Africa,24.92S,30.15E
3623480,1931-09-01,26.166,0.133,Kandy,Sri Lanka,7.23N,80.27E
1759054,1886-10-01,9.264,0.667,Copenhagen,Denmark,55.45N,11.34E
5312900,1916-11-01,9.05,0.442,North Las Vegas,United States,36.17N,115.36W
321399,1935-03-01,7.404,0.5660000000000001,Anqiu,China,36.17N,119.34E
5224192,1847-02-01,4.457000000000002,1.479,Neyagawa,Japan,34.56N,136.22E
6740221,1962-04-01,14.839,0.285,Santa Rosa,United States,37.78N,122.03W
3746947,1773-09-01,18.844,2.3040000000000003,Kerch,Ukraine,45.81N,35.77E
726918,1745-04-01,7.49,1.384,Basildon,United Kingdom,52.24N,0.00W
6515623,2000-11-01,12.682,0.205,Saga,Japan,32.95N,131.17E
8553946,1757-08-01,17.593,3.978,Zhukovskiy,Russia,55.45N,36.85E
7399635,1917-08-01,24.022,0.343,Tama,Japan,36.17N,139.23E
129330,1928-05-01,18.402,0.289,Akashi,Japan,34.56N,134.27E
2845727,2009-10-01,9.182,0.132,Hamilton,Canada,42.59N,80.73W
4932063,1838-11-01,24.184,2.233,Moratuwa,Sri Lanka,7.23N,80.27E
5684210,1849-03-01,12.967,2.035,Panzhihua,China,26.52N,102.09E
5980344,1900-06-01,21.68,1.048,Port Louis,Mauritius,20.09S,58.01E
3890894,1913-05-01,12.453,0.66,Klerksdorp,South Africa,26.52S,26.87E
4676490,1931-06-01,23.87,0.737,Marv Dasht,Iran,29.74N,53.54E
2188058,1984-09-01,24.733,0.773,El Monte,United States,34.56N,118.70W
6331599,1807-09-01,4.914,1.985,Reykjavík,Iceland,65.09N,21.06W
8180812,1982-02-01,0.7020000000000001,0.193,Weifang,China,36.17N,119.34E
7253062,1860-12-01,,,Surabaya,Indonesia,7.23S,112.70E
3711474,1918-07-01,25.256,0.345,Kawaguchi,Japan,36.17N,139.23E
7502867,1928-07-01,26.509,0.268,Taytay,Philippines,15.27N,120.83E
5545236,1995-02-01,3.2239999999999998,0.361,Ostrava,Czech Republic,50.63N,19.01E
5682564,1909-08-01,26.575,0.383,Panvel,India,18.48N,72.68E
8379382,1954-10-01,16.524,0.7929999999999999,Yazd,Iran,31.35N,54.66E
3956562,1935-02-01,-2.787,0.711,Kosice,Slovakia,49.03N,22.04E
1073109,1929-12-01,24.719,0.898,Bouaké,Côte D'Ivoire,7.23N,5.68W
6983603,1948-06-01,20.986,0.312,Shuangcheng,China,45.81N,125.77E
8024610,1903-11-01,11.793,1.02,Vigo,Spain,42.59N,8.73W
5312001,1841-12-01,,,North Las Vegas,United States,36.17N,115.36W
1821778,1942-08-01,21.361,0.265,Cuernavaca,Mexico,18.48N,99.72W
5046876,1941-02-01,4.675000000000002,0.149,Nagoya,Japan,34.56N,136.22E
5328189,1873-12-01,4.325,0.932,Nottingham,United Kingdom,53.84N,1.36W
5498801,1837-03-01,-3.975000000000001,2.119,Orekhovo Zuevo,Russia,55.45N,39.69E
6885591,1959-03-01,28.726,0.239,Shagamu,Nigeria,7.23N,4.05E
6830793,1882-07-01,15.289,0.436,Seattle,United States,47.42N,121.97W
8077737,1933-05-01,20.003,0.417,Vitória,Brazil,20.09S,40.95W
5304991,1868-03-01,9.173,0.7759999999999999,Norfolk,United States,36.17N,75.58W
7802161,1866-07-01,28.648000000000003,1.098,Tungi,Bangladesh,23.31N,90.00E
4309947,1752-10-01,10.411,1.7080000000000002,Liverpool,United Kingdom,53.84N,4.09W
2870412,2012-11-01,20.085,0.393,Hanumangarh,India,29.74N,73.85E
6708580,1980-06-01,26.824,0.353,Santa Ana,El Salvador,13.66N,90.00W
984594,1916-04-01,30.813000000000002,0.57,Birnin Kebbi,Nigeria,12.05N,4.93E
6736666,1997-07-01,24.138,0.976,Santa Rita,Brazil,7.23S,34.86W
7414503,1937-12-01,26.15,0.334,Tambun,Indonesia,5.63S,106.55E
7915495,1950-11-01,7.67,0.601,Usak,Turkey,39.38N,29.13E
6935081,1913-06-01,18.680999999999997,0.599,Shenyang,China,40.99N,123.55E
2031394,1881-11-01,-0.10499999999999997,1.264,Dingzhou,China,39.38N,114.45E
1285541,1991-03-01,25.611,0.6409999999999999,Cagua,Venezuela,10.45N,67.91W
6114094,1989-09-01,21.204,0.229,Puyang,China,36.17N,115.36E
3744010,1798-11-01,15.179,2.742,Kenitra,Morocco,34.56N,5.84W
5322338,1838-01-01,-2.781,3.071,Norwich,United Kingdom,52.24N,0.00W
7264004,1950-12-01,18.682,0.371,Surendranagar,India,23.31N,72.52E
7793052,1864-04-01,12.935,1.085,Tulsa,United States,36.17N,95.47W
3068578,1948-09-01,27.172,0.227,Huizhou,China,23.31N,114.47E
4093959,1985-02-01,23.44100000000001,0.39,La Vega,Dominican Republic,18.48N,70.99W
1848610,1831-07-01,,,Daan,China,29.74N,105.23E
8496000,1846-08-01,22.383000000000006,1.208,Zaporizhzhya,Ukraine,47.42N,34.34E
5186083,1931-03-01,14.242,0.416,Netanya,Israel,32.95N,35.43E
8546021,1886-05-01,20.657,1.095,Zhoukou,China,32.95N,113.94E
1239794,1861-12-01,-1.294,2.031,Bydgoszcz,Poland,53.84N,17.73E
3682184,1823-08-01,17.643,1.729,Kassel,Germany,50.63N,8.87E
6425772,1781-12-01,2.469,7.5710000000000015,Rotterdam,Netherlands,52.24N,5.26E
5296108,1865-05-01,22.272,1.351,Nogales,United States,31.35N,111.20W
5892982,1810-11-01,0.4970000000000001,3.3760000000000003,Pinsk,Belarus,52.24N,26.28E
1011697,1902-08-01,26.67,0.581,Boa Vista,Brazil,2.41N,60.27W
3075832,1993-05-01,25.230999999999998,0.245,Humen,China,23.31N,114.47E
2444308,1918-01-01,12.701,0.944,Gómez Palacio,Mexico,24.92N,102.86W
8486906,1879-12-01,,,Zanzibar,Tanzania,5.63S,38.74E
5469151,1918-03-01,7.732,0.408,Omuta,Japan,32.95N,131.17E
1281866,1874-09-01,22.662,0.482,Cagliari,Italy,39.38N,8.32E
6653625,1964-06-01,16.268,0.398,San Lorenzo,Paraguay,24.92S,56.75W
7840840,1856-04-01,21.541,1.175,Uberaba,Brazil,20.09S,47.77W
5138867,1819-01-01,,,Nassau,Bahamas,24.92N,78.03W
3230002,2003-02-01,2.7889999999999997,0.231,Iruma,Japan,36.17N,139.23E
1465268,1884-01-01,22.78,1.452,Chapecó,Brazil,26.52S,53.73W
1156439,1880-03-01,7.547999999999999,0.63,Brugge,Belgium,50.63N,3.80E
7166028,1809-03-01,-0.038000000000000034,4.022,Stavanger,Norway,58.66N,6.15E
5409713,1771-03-01,-3.0170000000000003,9.092,Odense,Denmark,55.45N,11.34E
2833907,1926-07-01,23.044,0.7559999999999999,Hamadan,Iran,34.56N,48.65E
6353851,1976-07-01,24.694000000000006,0.32299999999999995,Richmond,United States,37.78N,77.29W
1751156,1941-01-01,0.6160000000000001,0.914,Constanta,Romania,44.20N,29.07E
6747147,1890-01-01,24.298000000000002,2.081,Santarém,Brazil,2.41S,55.45W
5276910,1964-08-01,16.601000000000006,0.487,Nizhnekamsk,Russia,55.45N,51.02E
7023928,1834-06-01,,,Sincelejo,Colombia,8.84N,75.41W
1386602,1961-11-01,15.749,0.37,Cartagena,Spain,37.78N,0.00W
4807321,1977-07-01,26.281,0.21,Miandoab,Iran,36.17N,45.75E
6975287,1921-12-01,20.963,0.7090000000000001,Sholapur,India,18.48N,76.06E
4829642,1965-12-01,23.443,0.403,Minatitlán,Mexico,18.48N,94.65W
6325845,1809-09-01,,,Rewa,India,24.92N,81.58E
8145120,1980-05-01,36.301,0.6940000000000001,Warangal,India,18.48N,79.44E
5043727,1851-03-01,27.491000000000003,1.405,Nagercoil,India,8.84N,77.03E
7443614,1943-03-01,26.524,0.7340000000000001,Tanjung Morawa,Indonesia,4.02N,98.84E
2178312,1953-08-01,18.151,0.354,Ekibastuz,Kazakhstan,52.24N,76.20E
6179623,1982-10-01,19.374,0.309,Quetzaltenango,Guatemala,15.27N,90.83W
6707401,1882-03-01,25.319000000000006,0.884,Santa Ana,El Salvador,13.66N,90.00W
846510,1982-05-01,14.26,0.266,Bergamo,Italy,45.81N,10.38E
3237457,1939-05-01,15.319,0.214,Isehara,Japan,36.17N,139.23E
4571508,1878-01-01,0.014000000000000012,1.119,Malmö,Sweden,55.45N,14.17E
8556282,1952-04-01,4.006,0.491,Zhukovskiy,Russia,55.45N,36.85E
1228922,1996-01-01,7.337999999999999,0.314,Bushehr,Iran,29.74N,51.69E
1918406,1865-08-01,26.625,1.535,Daxian,China,31.35N,107.43E
8218277,1960-01-01,-0.448,0.208,Wiesbaden,Germany,50.63N,8.87E
2578263,1839-08-01,22.909,2.198,Giugliano In Campania,Italy,40.99N,14.91E
3333834,1890-06-01,27.923000000000002,0.626,Jaffna,Sri Lanka,8.84N,80.27E
3877195,2009-08-01,18.624000000000002,0.354,Kitami,Japan,44.20N,143.11E
1705769,1782-12-01,6.322000000000001,4.557,Coimbra,Portugal,40.99N,8.52W
8201979,1897-10-01,9.007,0.687,West Jordan,United States,40.99N,112.90W
2904921,1825-02-01,,,Hebi,China,36.17N,113.37E
7930261,1942-06-01,15.906,0.858,Uzhhorod,Ukraine,49.03N,22.04E
5565207,1930-01-01,4.341,0.7909999999999999,Oviedo,Spain,42.59N,6.55W
4836098,1991-09-01,25.248,0.33,Minna,Nigeria,8.84N,7.30E
4078735,1894-05-01,25.768,0.584,La Ceiba,Honduras,15.27N,87.50W
3848723,1838-10-01,1.0070000000000001,3.993,Kirov,Russia,58.66N,49.23E
6107180,1964-10-01,26.311,0.59,Purwodadi,Indonesia,7.23S,111.08E
8070741,1914-08-01,25.568,0.401,Virginia Beach,United States,36.17N,75.58W
3249406,1856-02-01,12.914,2.095,Islamabad,Pakistan,32.95N,73.72E
6380189,1984-06-01,24.293000000000006,0.23,Riverside,United States,34.56N,116.76W
56952,1912-04-01,28.279,0.489,Abuja,Nigeria,8.84N,7.30E
3866018,1989-11-01,12.662,0.152,Kishiwada,Japan,34.56N,136.22E
2779224,1970-12-01,2.772,0.127,Hachioji,Japan,36.17N,139.23E
4133126,2006-11-01,14.687000000000001,0.426,Lancaster,United States,34.56N,118.70W
948236,1848-12-01,15.07,1.547,Bikaner,India,28.13N,73.64E
6506611,1880-12-01,9.937,0.615,Sacramento,United States,37.78N,122.03W
4421977,1766-09-01,14.277,4.331,Luton,United Kingdom,52.24N,0.00W
4835337,1928-04-01,28.205,0.5579999999999999,Minna,Nigeria,8.84N,7.30E
2735008,1799-02-01,17.811,2.437,Guna,India,24.92N,78.03E
1383976,2012-12-01,27.985,0.6559999999999999,Cartagena,Colombia,10.45N,76.09W
4802124,2001-10-01,-0.442,0.342,Mezhdurechensk,Russia,53.84N,88.64E
4204504,1787-03-01,7.1930000000000005,4.588,Leicester,United Kingdom,52.24N,0.00W
3677738,1875-10-01,14.06,1.102,Kashiwa,Japan,36.17N,139.23E
6721854,1819-05-01,18.284000000000002,1.936,Santa Cruz De Tenerife,Spain,28.13N,15.45W
7610479,1949-09-01,15.453,0.124,Tighina,Moldova,47.42N,29.61E
8340799,1890-01-01,1.249,0.532,Yachiyo,Japan,36.17N,139.23E
148598,1886-04-01,26.82,0.971,Akure,Nigeria,7.23N,5.68E
7501560,1988-05-01,27.351,0.274,Tawau,Malaysia,4.02N,118.13E
2681542,1923-09-01,22.751,0.354,Guangshui,China,31.35N,113.09E
7155678,1756-06-01,20.488000000000003,2.009,Stamford,United States,40.99N,74.56W
6793150,1978-09-01,23.938,0.363,Sari,Iran,36.17N,53.70E
6570837,1876-11-01,-7.3439999999999985,1.537,Salavat,Russia,53.84N,55.91E
6859156,1974-09-01,26.463,0.182,Seremban,Malaysia,2.41N,102.05E
8270823,1923-10-01,16.848000000000006,0.217,Wuning,China,29.74N,120.00E
8125502,1879-02-01,,,Wad Madani,Sudan,13.66N,33.85E
2634677,2012-12-01,26.702,0.421,Gorontalo,Indonesia,0.80N,122.95E
281120,1817-02-01,25.58,3.392,Anantapur,India,15.27N,77.50E
910062,2001-07-01,26.121,0.3670000000000001,Bhiwandi,India,20.09N,73.36E
1882068,1812-09-01,,,Damoh,India,23.31N,79.51E
1141202,1940-06-01,28.07200000000001,0.279,Brikama,Gambia,13.66N,17.34W
3223120,1955-04-01,18.146,0.29100000000000004,Irbil,Iraq,36.17N,43.76E
1406443,1763-07-01,25.89,2.318,Catania,Italy,37.78N,14.24E
3557740,1899-01-01,2.6590000000000003,0.8540000000000001,Kaili,China,26.52N,107.46E
1983458,1849-05-01,32.183,1.16,Dewas,India,23.31N,76.02E
5267254,2001-11-01,11.413,0.19,Nishinomiya,Japan,34.56N,136.22E
1639966,1915-06-01,26.993000000000002,0.257,Cienfuegos,Cuba,21.70N,80.48W
6418787,2009-08-01,19.358,0.31,Rostock,Germany,53.84N,12.27E
2430435,1856-12-01,,,Funtua,Nigeria,12.05N,6.58E
3203477,1904-09-01,26.351,0.523,Ipoh,Malaysia,4.02N,100.45E
5584526,1923-06-01,16.131,0.248,Pécs,Hungary,45.81N,17.31E
2559959,1900-01-01,14.129,0.578,Ghaziabad,India,28.13N,77.27E
5446155,1941-12-01,3.318,0.174,Oldenburg,Germany,52.24N,7.88E
5616604,1834-12-01,19.939,1.385,Pakokku,Burma,21.70N,94.33E
3086908,1873-06-01,33.088,1.285,Hyderabad,Pakistan,24.92N,69.16E
6290423,1852-12-01,10.003,1.737,Reading,United Kingdom,50.63N,1.27W
4923764,1747-07-01,,,Monza,Italy,45.81N,10.38E
6917310,1948-12-01,10.607,1.4469999999999998,Shaowu,China,28.13N,117.27E
6542968,1788-11-01,-0.499,2.59,Saint Paul,United States,45.81N,93.46W
6355572,1850-01-01,-13.858,2.036,Riga,Latvia,57.05N,25.08E
8076925,1865-09-01,20.224,2.114,Vitória,Brazil,20.09S,40.95W
6055649,1823-05-01,11.933,2.43,Providence,United States,42.59N,72.00W
2741215,1880-11-01,23.927,1.832,Guntur,India,16.87N,80.37E
4933797,1983-05-01,28.093000000000004,0.355,Moratuwa,Sri Lanka,7.23N,80.27E
548971,1990-12-01,16.509,0.365,Bahadurgarh,India,28.13N,77.27E
4244676,1906-12-01,0.397,0.7440000000000001,Liaocheng,China,36.17N,115.36E
3112828,1864-11-01,11.050999999999998,1.638,Ichinomiya,Japan,34.56N,136.22E
5095517,1808-12-01,,,Nandurbar,India,21.70N,73.56E
3727660,1962-10-01,10.550999999999998,0.603,Kecskemét,Hungary,47.42N,20.13E
598108,1877-08-01,20.245,0.398,Balti,Moldova,47.42N,27.24E
5444760,1825-09-01,15.196,2.378,Oldenburg,Germany,52.24N,7.88E
6202940,1797-05-01,32.361999999999995,2.329,Rae Bareli,India,26.52N,80.60E
7162215,1761-05-01,15.92,3.753,Staryy Oskol,Russia,50.63N,36.76E
4598412,1972-11-01,27.426,0.349,Mandaue,Philippines,10.45N,123.55E
7909110,1870-06-01,21.642000000000003,1.584,Uruapan,Mexico,20.09N,102.37W
2922392,1920-12-01,-1.7009999999999998,0.642,Helsinki,Finland,60.27N,25.95E
6569847,1794-05-01,14.271999999999998,3.037,Salavat,Russia,53.84N,55.91E
1739268,1906-12-01,26.201,1.036,Conakry,Guinea,8.84N,13.78W
5599703,1906-12-01,11.485,1.104,Pachuca,Mexico,20.09N,98.96W
3845034,2006-04-01,25.574,0.281,Kinshasa,Congo (Democratic Republic Of The),4.02S,15.27E
8500923,1986-12-01,6.846,0.209,Zaragoza,Spain,40.99N,0.00W
4952878,1970-07-01,19.032,0.203,Moscow,Russia,55.45N,36.85E
3368329,2012-11-01,11.182,0.662,Jammu,India,32.95N,75.64E
67932,1891-04-01,3.287,0.647,Acheng,China,45.81N,128.08E
1327118,1843-03-01,24.648000000000003,2.222,Campeche,Mexico,20.09N,90.43W
350912,2001-01-01,-5.1450000000000005,0.614,Anyang,China,36.17N,113.37E
74054,1795-07-01,26.296999999999997,2.594,Adana,Turkey,36.17N,35.80E
2849231,1871-02-01,0.777,1.617,Hamm,Germany,52.24N,7.88E
2561322,2013-08-01,29.9,0.604,Ghaziabad,India,28.13N,77.27E
4674175,1909-08-01,25.423000000000002,0.539,Martapura,Indonesia,4.02S,114.91E
6762500,1931-11-01,25.679000000000002,0.172,Santo Domingo,Dominican Republic,18.48N,69.30W
4142924,1994-06-01,28.341,0.246,Laoag,Philippines,18.48N,120.00E
5389679,1835-02-01,3.4930000000000003,2.08,Oberhausen,Germany,50.63N,6.34E
4082272,1865-12-01,20.721,2.907,La Paz,Mexico,24.92N,109.95W
5322549,1855-08-01,16.757,0.597,Norwich,United Kingdom,52.24N,0.00W
2476835,1995-02-01,19.054,0.443,Gangapur,India,26.52N,77.01E
4489053,1937-04-01,28.574,0.448,Madanapalle,India,13.66N,78.44E
2303797,1848-07-01,28.599,1.227,Faridpur,Bangladesh,23.31N,90.00E
4522667,1864-01-01,25.844,1.196,Mahajanga,Madagascar,15.27S,45.83E
5599227,1867-04-01,17.697,1.32,Pachuca,Mexico,20.09N,98.96W
4018022,1896-03-01,25.686,0.586,Kuching,Malaysia,0.80N,110.09E
935841,2009-02-01,27.245,0.393,Bidar,India,18.48N,77.75E
8359708,2008-12-01,16.935,0.218,Yangmei,Taiwan,24.92N,120.59E
1822930,1856-11-01,25.66500000000001,1.167,Cuiabá,Brazil,15.27S,55.83W
2378638,1943-01-01,27.264,0.43,Fortaleza,Brazil,4.02S,40.98W
3496534,1984-08-01,24.589,0.239,João Pessoa,Brazil,7.23S,34.86W
3381413,1881-06-01,23.287,2.738,Jaramana,Syria,32.95N,35.43E
7530282,1865-09-01,11.396,1.543,Temirtau,Kazakhstan,50.63N,72.25E
5852436,1876-06-01,27.161,1.222,Phnum Pénh,Cambodia,12.05N,105.21E
2797532,1993-06-01,27.076999999999998,0.289,Haicheng,China,23.31N,114.47E
5522387,1902-05-01,6.3210000000000015,0.976,Oruro,Bolivia,18.48S,67.61W
4352056,1998-12-01,14.411,0.205,Longyan,China,24.92N,117.04E
2291946,1876-07-01,18.875,0.6609999999999999,Fürth,Germany,49.03N,9.80E
2727601,1978-09-01,27.867,0.149,Gujranwala,Pakistan,32.95N,73.72E
5414667,1914-02-01,3.218,0.764,Odesa,Ukraine,45.81N,31.15E
2309167,1860-07-01,,,Fatehpur,India,26.52N,80.60E
7887801,1991-02-01,-10.425,0.133,Ulyanovsk,Russia,53.84N,47.73E
2981960,1866-11-01,10.745,1.31,Hofu,Japan,34.56N,132.32E
3115466,1862-04-01,16.871000000000002,0.851,Idlib,Syria,36.17N,35.80E
7670414,1941-08-01,22.352,0.406,Toluca,Mexico,18.48N,99.72W
2233545,1833-01-01,,,Envigado,Colombia,5.63N,75.87W
803353,1758-03-01,4.901,4.167,Belgrade,Serbia,44.20N,20.12E
6349013,2008-01-01,6.4700000000000015,0.152,Richardson,United States,32.95N,96.70W
1630464,1882-08-01,25.579,0.703,Cibinong,Indonesia,5.63S,106.55E
2662498,1893-11-01,3.1170000000000004,0.674,Grenoble,France,45.81N,5.77E
340195,1962-07-01,13.803999999999998,1.04,Antofagasta,Chile,23.31S,70.78W
6075203,1926-03-01,11.787,0.726,Puerto Montt,Chile,40.99S,72.43W
6980083,1848-04-01,28.272,2.265,Shrirampur,India,23.31N,88.25E
149500,1961-06-01,25.396,0.3670000000000001,Akure,Nigeria,7.23N,5.68E
3968678,1989-08-01,28.135,0.434,Kota,India,24.92N,76.26E
2923116,1981-04-01,0.42100000000000004,0.449,Helsinki,Finland,60.27N,25.95E
2050777,1955-05-01,25.432,0.295,Donghai,China,23.31N,116.21E
8086504,1812-10-01,,,Vizianagaram,India,18.48N,82.82E
6791012,1995-04-01,31.16,0.63,Sarh,Chad,8.84N,18.65E
5245894,1959-09-01,17.284000000000002,0.378,Nicolás Romero,Mexico,20.09N,98.96W
3682882,1881-10-01,4.323,0.339,Kassel,Germany,50.63N,8.87E
6611840,1885-06-01,32.455,0.398,Sambhal,India,28.13N,79.09E
1301876,1799-11-01,23.04,1.644,Calcutta,India,23.31N,88.25E
1930158,1923-08-01,27.948,0.362,Dehra Dun,India,29.74N,77.54E
5981153,1967-11-01,24.152,0.52,Port Louis,Mauritius,20.09S,58.01E
1787932,1886-07-01,14.32,1.047,Cotia,Brazil,23.31S,46.31W
4900079,1981-12-01,25.732,0.332,Monrovia,Liberia,7.23N,10.54W
7846621,1967-07-01,28.036,0.419,Ubon Ratchathani,Thailand,15.27N,104.17E
3760627,1948-02-01,26.259,0.209,Khammam,India,16.87N,80.37E
3147753,1941-02-01,28.06900000000001,0.306,Ilawe,Nigeria,7.23N,5.68E
8163834,1905-02-01,-4.194,0.329,Washington,United States,39.38N,76.99W
6538004,1915-01-01,22.347,0.46,Saint Louis,Senegal,16.87N,16.74W
7602489,1940-02-01,4.816000000000002,0.362,Tianmen,China,31.35N,113.09E
948897,1904-01-01,13.764000000000001,0.986,Bikaner,India,28.13N,73.64E
5116451,1962-11-01,20.284,0.159,Nantou,Taiwan,23.31N,121.46E
3746493,2005-10-01,20.112000000000002,0.316,Kenitra,Morocco,34.56N,5.84W
6797661,1964-02-01,6.434,0.201,Sasebo,Japan,32.95N,129.26E
4840383,1808-12-01,-10.300999999999998,2.523,Minsk,Belarus,53.84N,28.64E
4437656,1963-10-01,9.088,0.327,Lyon,France,45.81N,5.77E
6262289,1945-11-01,19.05,0.7490000000000001,Rangpur,Bangladesh,26.52N,89.55E
7588534,1981-11-01,27.351999999999997,0.444,Thiès,Senegal,15.27N,17.50W
4612561,1862-06-01,23.942,0.815,Manisa,Turkey,39.38N,27.05E
4399517,1859-06-01,26.656,1.204,Luchou,Taiwan,24.92N,120.59E
4281272,1945-10-01,15.014000000000001,0.476,Linqing,China,36.17N,115.36E
2360113,1984-01-01,9.296,0.331,Fontana,United States,34.56N,116.76W
5754383,1860-02-01,,,Paulista,Brazil,7.23S,34.86W
1053416,1993-05-01,13.958,0.35200000000000004,Borujerd,Iran,34.56N,48.65E
3035048,1969-11-01,10.526,0.17,Huaihua,China,28.13N,110.00E
4631903,1835-10-01,22.054,1.376,Marília,Brazil,21.70S,49.33W
407297,1801-12-01,1.802,4.005,Armavir,Russia,45.81N,40.38E
5564537,1874-03-01,7.807,0.989,Oviedo,Spain,42.59N,6.55W
7381934,1864-08-01,5.257999999999999,2.258,Talca,Chile,36.17S,71.60W
2107727,1938-06-01,11.385,0.258,Dundee,United Kingdom,57.05N,4.43W
4350715,1887-03-01,14.53,1.006,Longyan,China,24.92N,117.04E
6792066,1888-05-01,20.604,0.6970000000000001,Sari,Iran,36.17N,53.70E
5718337,1978-05-01,17.855999999999995,0.691,Pasadena,United States,34.56N,118.70W
4877403,1933-06-01,16.627,0.46,Modena,Italy,44.20N,11.18E
6146007,1893-07-01,26.624000000000002,1.07,Qinzhou,China,21.70N,108.17E
6268326,1840-09-01,17.799,1.52,Rasht,Iran,37.78N,48.81E
3880250,1994-04-01,6.0280000000000005,0.076,Kitchener,Canada,44.20N,80.50W
509863,2012-02-01,25.362,0.34,Babakan,Indonesia,7.23S,107.84E
2334676,1838-10-01,25.11,2.878,Firozabad,India,26.52N,78.81E
3179192,2007-12-01,1.5219999999999998,0.298,Indianapolis,United States,39.38N,85.32W
5170614,1998-06-01,20.762,0.217,Neftekamsk,Russia,55.45N,53.86E
2705456,1884-11-01,17.408,0.962,Guatemala City,Guatemala,15.27N,90.83W
2057669,1998-10-01,18.477999999999998,0.219,Dongtai,China,32.95N,119.68E
6370557,1878-08-01,21.796,1.092,Rio De Janeiro,Brazil,23.31S,42.82W
2132571,1977-04-01,10.470999999999998,0.414,Dushanbe,Tajikistan,39.38N,68.67E
8418842,1998-03-01,9.537,0.26,Yingzhong,China,31.35N,113.09E
7848363,1894-12-01,21.562,0.7809999999999999,Udgir,India,18.48N,77.75E
2660273,1978-05-01,18.192999999999998,0.235,Greensboro,United States,36.17N,79.56W
2555877,1777-08-01,21.182,2.04,Getafe,Spain,40.99N,4.26W
1139367,1952-04-01,9.601,0.313,Brighton,United Kingdom,50.63N,1.27W
8381950,1934-11-01,-3.353,0.374,Yekaterinburg,Russia,57.05N,60.49E
3061590,1891-05-01,17.339000000000002,0.545,Huelva,Spain,37.78N,6.10W
5809445,1789-05-01,20.03,3.762,Pescara,Italy,42.59N,15.27E
3841557,1874-04-01,8.85,0.5,Kingston Upon Hull,United Kingdom,53.84N,1.36W
3052074,1817-10-01,22.134,2.702,Hubli,India,15.27N,75.83E
2809314,1828-03-01,-6.681,2.883,Hailun,China,47.42N,126.71E
1582837,1996-01-01,-23.943,0.45,Chita,Russia,52.24N,112.99E
6324304,1899-01-01,2.24,0.8370000000000001,Reutlingen,Germany,49.03N,9.80E
7337370,1877-04-01,20.471,1.388,Tacna,Peru,18.48S,70.99W
6229573,1885-12-01,17.961000000000006,0.918,Rajshahi,Bangladesh,24.92N,88.67E
795008,2002-02-01,6.569,0.376,Belfast,United Kingdom,55.45N,5.67W
6702889,1855-03-01,5.684,1.518,Sanmenxia,China,34.56N,110.92E
8266558,1934-04-01,12.545,0.276,Wuhu,China,31.35N,118.74E
7928412,1788-05-01,13.434,2.238,Uzhhorod,Ukraine,49.03N,22.04E
5146295,1878-10-01,27.776,0.473,Navadwip,India,23.31N,88.25E
8549913,1864-03-01,16.007,2.104,Zhuhai,China,21.70N,113.37E
7121073,1944-10-01,10.66,0.181,Southampton,United Kingdom,50.63N,1.27W
6085140,1833-07-01,24.767000000000003,1.681,Pune,India,18.48N,74.37E
2923426,2007-02-01,-9.448,0.506,Helsinki,Finland,60.27N,25.95E
8129617,1780-07-01,25.674,2.021,Wahran,Algeria,36.17N,0.00W
2056831,1928-12-01,3.329,0.753,Dongtai,China,32.95N,119.68E
7631537,1908-01-01,23.999,0.489,Tirupati,India,13.66N,80.09E
1696299,1789-08-01,19.635,1.918,Cluj Napoca,Romania,47.42N,22.50E
1222461,1898-08-01,25.195999999999998,0.434,Burhanpur,India,21.70N,77.02E
1828425,1947-04-01,26.385,0.326,Cumaná,Venezuela,10.45N,64.64W
4628867,1921-04-01,22.58,0.43,Maoming,China,21.70N,111.63E
2825813,1934-06-01,10.311,0.441,Halifax,Canada,44.20N,62.61W
6480848,1999-04-01,17.595,0.29100000000000004,São José Dos Pinhais,Brazil,24.92S,49.66W
2338716,1977-11-01,20.711,0.18,Firozpur,India,31.35N,75.39E
4144619,1962-03-01,9.683,0.305,Laohekou,China,32.95N,112.02E
4300821,1864-04-01,14.895999999999999,1.014,Lisbon,Portugal,39.38N,8.32W
4734471,1944-08-01,24.879,0.36,Mbandaka,Congo (Democratic Republic Of The),0.80N,18.48E
5181562,1916-03-01,24.25,0.8540000000000001,Neiva,Colombia,2.41N,74.73W
1422514,1794-05-01,16.452,3.315,Cedar Rapids,United States,42.59N,91.64W
1134189,1790-09-01,17.798000000000005,2.6830000000000003,Bridgeport,United States,40.99N,72.43W
8557523,1882-12-01,1.589,1.3230000000000002,Zhumadian,China,32.95N,113.94E
8073585,1933-11-01,22.044,0.48,Visakhapatnam,India,18.48N,82.82E
7149024,1887-02-01,18.592,1.3119999999999998,Springs,South Africa,26.52S,28.66E
1628566,1913-03-01,25.716,0.308,Cibadak,Indonesia,7.23S,106.22E
6172855,1956-05-01,17.552,0.501,Queluz,Portugal,39.38N,8.32W
4333371,1990-07-01,20.215,0.262,London,Canada,42.59N,80.73W
3228454,1874-02-01,1.989,1.947,Iruma,Japan,36.17N,139.23E
4053329,1907-02-01,-10.752,0.473,Kursk,Russia,52.24N,36.79E
6594886,1818-06-01,12.989,5.4929999999999986,Salzburg,Austria,47.42N,13.03E
3029208,1829-09-01,12.457,1.644,Huadian,China,42.59N,126.55E
3265432,1907-02-01,18.034,0.964,Itagüí,Colombia,5.63N,75.87W
4120447,1929-11-01,20.053,0.456,Lakhnau,India,26.52N,80.60E
5168001,1780-09-01,7.5470000000000015,2.721,Neftekamsk,Russia,55.45N,53.86E
8253621,1857-12-01,-1.723,0.8190000000000001,Worcester,United States,42.59N,72.00W
7506571,2003-06-01,16.872,0.282,Tbilisi,Georgia,40.99N,44.73E
7873429,1961-12-01,-25.124000000000002,0.7659999999999999,Ulaanbaatar,Mongolia,47.42N,107.76E
7291522,1794-06-01,15.163,5.922999999999999,Swindon,United Kingdom,52.24N,2.63W
665207,1914-07-01,28.916,0.261,Barakpur,India,23.31N,88.25E
8542873,1970-07-01,19.192999999999998,0.173,Zhoucheng,China,24.92N,102.86E
7387152,1968-04-01,19.06,0.272,Tali,Taiwan,24.92N,120.59E
4603362,1970-01-01,17.079,0.327,Mandsaur,India,24.92N,74.48E
5503906,1927-02-01,21.533,0.468,Orkney,South Africa,26.52S,26.87E
7665361,1926-01-01,-3.947,0.213,Toledo,United States,40.99N,83.08W
6294660,1754-05-01,13.674000000000001,3.688,Recklinghausen,Germany,52.24N,7.88E
3478428,1910-03-01,16.192999999999998,0.6729999999999999,Jiroft,Iran,28.13N,57.27E
5035145,1913-01-01,25.21,0.343,Naga,Philippines,13.66N,123.03E
4584157,1905-07-01,26.584,0.848,Manaus,Brazil,2.41S,60.27W
2891931,1951-05-01,14.039000000000001,0.339,Hartford,United States,40.99N,72.43W
2769447,1887-12-01,1.182,0.738,Haarlemmermeer,Netherlands,52.24N,5.26E
1280820,1787-07-01,23.584,6.02,Cagliari,Italy,39.38N,8.32E
2161116,1849-03-01,3.8289999999999997,1.76,Edirne,Turkey,42.59N,26.18E
3077601,1976-01-01,14.607,0.77,Huntington Beach,United States,32.95N,117.77W
7939829,1888-08-01,26.464,0.473,Vadodara,India,21.70N,73.56E
8476445,1881-12-01,-20.132,1.919,Zalantun,China,47.42N,121.97E
4236977,1810-06-01,14.450999999999999,3.93,Liège,Belgium,50.63N,6.34E
7732316,1938-06-01,23.06,0.203,Townsville,Australia,18.48S,147.04E
3096557,1887-08-01,26.273000000000003,0.5,Ibaraki,Japan,34.56N,136.22E
6039248,1866-01-01,25.277,0.974,Pringsewu,Indonesia,5.63S,104.93E
3945127,1930-07-01,25.337,0.585,Korhogo,Côte D'Ivoire,8.84N,5.68W
1029055,1958-09-01,27.871,0.278,Bokaro,India,23.31N,86.50E
6701515,1933-11-01,19.28,0.31,Sanhsia,Taiwan,24.92N,120.59E
2442726,1964-12-01,12.378,0.292,Fuzhou,China,26.52N,120.00E
2021884,1987-12-01,17.680999999999994,0.968,Dimapur,India,26.52N,93.13E
7230596,1832-02-01,23.348000000000006,3.284,Sumaré,Brazil,23.31S,48.06W
2873088,1824-12-01,20.832,2.499,Haora,India,23.31N,88.25E
4241344,2000-08-01,28.889,0.313,Liancheng,China,21.70N,109.90E
7566400,1866-07-01,27.261,1.381,Thana,India,18.48N,72.68E
6301797,1834-02-01,-12.578,3.464,Regina,Canada,50.63N,105.21W
6123411,1845-12-01,13.550999999999998,2.295,Qalyub,Egypt,29.74N,31.38E
6028797,1792-04-01,11.548,2.62,Prato,Italy,44.20N,11.18E
617949,1925-11-01,8.666,0.4270000000000001,Bandar E Anzali,Iran,37.78N,48.81E
1940361,1923-08-01,29.186999999999998,0.317,Delhi,India,28.13N,77.27E
3736094,1929-08-01,15.519,0.419,Kelowna,Canada,49.03N,120.00W
2620167,1929-09-01,29.66500000000001,0.578,Gonda,India,26.52N,82.39E
6893762,1865-02-01,0.612,1.827,Shahr E Kord,Iran,32.95N,50.74E
6264312,1896-09-01,27.991,0.489,Raniganj,India,23.31N,86.50E
6127259,1995-07-01,32.657,0.34600000000000003,Qandahar,Afghanistan,31.35N,65.97E
8435720,1989-10-01,19.682,0.193,Yongan,China,26.52N,118.21E
950367,1756-08-01,16.979000000000006,7.564,Bila Tserkva,Ukraine,49.03N,29.39E
5287759,2005-05-01,24.112,0.34,Nkongsamba,Cameroon,5.63N,9.69E
7025329,1951-03-01,28.006999999999998,0.231,Sincelejo,Colombia,8.84N,75.41W
6321362,1923-10-01,19.008000000000006,1.264,Resistencia,Argentina,28.13S,59.09W
1140787,1905-11-01,25.151,0.487,Brikama,Gambia,13.66N,17.34W
7319143,1773-04-01,16.375999999999998,2.8510000000000004,Tétouan,Morocco,36.17N,5.97W
5293069,1959-08-01,26.918000000000006,0.168,Nobeoka,Japan,32.95N,131.17E
3984684,1865-11-01,5.896999999999999,0.987,Kragujevac,Serbia,44.20N,20.12E
3227133,1932-10-01,2.5340000000000003,0.384,Irkutsk,Russia,52.24N,105.11E
4313835,1920-01-01,25.711,0.35600000000000004,Livingstone,Zambia,18.48S,25.35E
1853066,1932-12-01,-0.526,0.664,Dabrowa Gornicza,Poland,50.63N,19.01E
1617535,1921-09-01,28.824,0.27,Churu,India,28.13N,75.45E
4020780,1931-04-01,19.455,0.609,Kuhdasht,Iran,32.95N,46.91E
5571116,1837-01-01,2.67,2.6180000000000003,Oxford,United Kingdom,52.24N,0.00W
538525,1905-06-01,32.705999999999996,1.369,Baghdad,Iraq,32.95N,45.00E
2450927,1929-10-01,9.976,0.238,Göttingen,Germany,52.24N,10.51E
2595515,1919-01-01,-1.2280000000000002,0.662,Gliwice,Poland,50.63N,19.01E
7457668,2005-10-01,24.26100000000001,0.183,Tapachula,Mexico,15.27N,92.50W
8333593,1996-12-01,3.66,0.17,Xuchang,China,34.56N,112.86E
3680314,1937-09-01,29.422,0.8290000000000001,Kassala,Sudan,15.27N,35.83E
3103387,1964-04-01,21.996,0.24,Ibirité,Brazil,20.09S,44.36W
2377626,1858-09-01,,,Fortaleza,Brazil,4.02S,40.98W
3708255,1987-10-01,7.178,0.23,Kaunas,Lithuania,55.45N,22.68E
5926809,1854-10-01,10.800999999999998,1.117,Plymouth,United Kingdom,50.63N,3.80W
1269339,1952-11-01,24.397,0.407,Cachoeiro De Itapemirim,Brazil,20.09S,40.95W
531351,1877-11-01,28.52,0.929,Badlapur,India,18.48N,72.68E
5693,1948-05-01,16.482000000000006,0.368,Çorlu,Turkey,40.99N,27.69E
8444088,1954-02-01,-3.778,0.335,Yuci,China,37.78N,111.86E
3983629,1777-12-01,-0.05400000000000005,2.867,Kragujevac,Serbia,44.20N,20.12E
1206997,1900-08-01,24.087,0.495,Buon Me Thuot,Vietnam,12.05N,108.49E
732116,1960-09-01,28.916999999999998,0.231,Basirhat,India,23.31N,88.25E
2545341,1785-12-01,1.3349999999999995,2.616,Gent,Belgium,50.63N,3.80E
8358771,1930-11-01,19.391,0.29,Yangmei,Taiwan,24.92N,120.59E
141341,1866-03-01,8.21,1.317,Aksaray,Turkey,37.78N,34.58E
2245533,1840-07-01,24.089,1.161,Erzincan,Turkey,39.38N,39.54E
8485608,1935-07-01,22.50800000000001,0.41,Zanjan,Iran,36.17N,47.73E
6485548,1858-09-01,15.789,4.565,São Paulo,Brazil,23.31S,46.31W
2204965,1853-03-01,-5.61,1.908,Elektrostal,Russia,55.45N,39.69E
3125952,1911-05-01,25.264,0.669,Ijero,Nigeria,7.23N,5.68E
3181922,1828-12-01,,,Indramayu,Indonesia,5.63S,108.16E
7983617,1817-11-01,-3.215,2.477,Velikie Luki,Russia,57.05N,30.98E
1118872,1863-11-01,4.468999999999999,0.888,Bremen,Germany,53.84N,9.55E
2232137,1905-06-01,25.513,1.234,Enugu,Nigeria,7.23N,7.30E
5757794,1948-03-01,-7.629,0.878,Pavlodar,Kazakhstan,52.24N,76.20E
6113494,1939-09-01,20.701999999999998,0.531,Puyang,China,36.17N,115.36E
8480171,1862-12-01,,,Zamboanga,Philippines,7.23N,122.43E
665378,1928-10-01,27.535,0.411,Barakpur,India,23.31N,88.25E
1039010,1933-12-01,25.306,0.802,Boma,Congo (Democratic Republic Of The),5.63S,12.91E
8508040,1882-06-01,15.236,0.61,Zelenograd,Russia,55.45N,36.85E
2330917,1970-01-01,12.595,0.562,Fez,Morocco,34.56N,5.84W
7558780,1965-07-01,24.54,0.399,Teshie,Ghana,5.63N,0.00W
3904497,1927-11-01,26.616,0.309,Kochi,India,10.45N,76.09E
2829466,1751-03-01,4.471,1.654,Halle,Germany,50.63N,11.41E
1189061,1862-12-01,4.272,1.845,Buhe,China,29.74N,112.62E
966893,1927-02-01,-1.953,1.056,Binzhou,China,37.78N,117.97E
7013374,1909-09-01,22.173000000000002,0.6459999999999999,Siirt,Turkey,37.78N,42.71E
2776859,1942-08-01,21.728,0.411,Hachinohe,Japan,40.99N,140.59E
6240837,1862-01-01,,,Rampur,India,28.13N,79.09E
1629693,2007-02-01,26.296,0.394,Cibadak,Indonesia,7.23S,106.22E
3238205,2001-09-01,20.184,0.306,Isehara,Japan,36.17N,139.23E
918131,1802-12-01,19.453,1.963,Bhuj,India,23.31N,69.03E
2223805,1803-07-01,23.538,2.222,Engels,Russia,50.63N,46.90E
1570671,2004-03-01,23.375999999999998,0.471,Chincha Alta,Peru,13.66S,76.79W
2766636,1923-08-01,15.962000000000002,0.317,Haarlem,Netherlands,52.24N,5.26E
6810210,1841-08-01,27.629,1.5590000000000002,Satna,India,24.92N,81.58E
5398929,2009-03-01,29.932,0.405,Obosi,Nigeria,5.63N,6.46E
1587110,1916-08-01,26.398000000000003,0.409,Chittaurgarh,India,24.92N,74.48E
7338709,1988-11-01,18.459000000000003,0.436,Tacna,Peru,18.48S,70.99W
2481311,1977-08-01,27.967,0.269,Ganzhou,China,26.52N,114.63E
2356639,1859-04-01,12.896999999999998,0.721,Foggia,Italy,40.99N,14.91E
7810959,1879-04-01,14.878,1.676,Turgutlu,Turkey,37.78N,28.47E
8522872,1960-05-01,16.897000000000002,0.279,Zhaocheng,China,37.78N,120.00E
178949,2013-08-01,22.599,0.436,Alcobendas,Spain,40.99N,4.26W
8445188,1872-04-01,17.224999999999998,1.977,Yueyang,China,29.74N,112.62E
8519170,2000-05-01,24.495,0.188,Zhangzhou,China,24.92N,117.04E
8348785,1811-02-01,,,Yamunanagar,India,29.74N,77.54E
4708158,1962-01-01,-0.257,0.303,Matsumoto,Japan,36.17N,137.24E
4343948,1873-08-01,20.301,1.933,Longfeng,China,45.81N,125.77E
2704825,1832-04-01,19.902,2.406,Guatemala City,Guatemala,15.27N,90.83W
5602605,1960-01-01,24.406,0.335,Padalarang,Indonesia,7.23S,107.84E
3881988,1975-05-01,19.374,0.279,Kitwe,Zambia,12.05S,27.95E
3098693,1904-08-01,16.691,0.593,Ibarra,Ecuador,0.80N,77.95W
6520146,1991-04-01,29.872,0.239,Sagar,India,23.31N,79.51E
4978234,1920-06-01,31.667,0.474,Munger,India,24.92N,86.90E
5236156,1950-05-01,32.881,0.313,Nguru,Nigeria,13.66N,10.73E
1590491,1861-11-01,10.047,1.596,Chizhou,China,31.35N,116.86E
8491870,1948-02-01,3.918,0.478,Zaozhuang,China,34.56N,116.76E
1236107,1824-08-01,19.156,2.226,Buzau,Romania,45.81N,26.54E
273371,1940-05-01,28.23,0.33,Anaco,Venezuela,8.84N,64.05W
6971580,1830-10-01,6.391,2.02,Shizuishan,China,39.38N,106.13E
2245531,1840-05-01,11.875,1.544,Erzincan,Turkey,39.38N,39.54E
432165,1957-01-01,18.546,0.726,Asansol,India,23.31N,86.50E
3516396,1916-11-01,24.3,1.139,Jos,Nigeria,10.45N,9.00E
7655982,1916-08-01,24.588,0.35,Tokorozawa,Japan,36.17N,139.23E
6958179,1979-10-01,15.492,0.287,Shimla,India,31.35N,77.28E
2826075,1956-04-01,2.301,0.29,Halifax,Canada,44.20N,62.61W
55190,1923-03-01,22.83,0.743,Abu Dhabi,United Arab Emirates,24.92N,54.98E
1976399,1912-07-01,24.597,0.295,Des Moines,United States,40.99N,93.73W
6488333,1909-01-01,22.427,0.6409999999999999,São Vicente,Brazil,23.31S,46.31W
6652610,1879-11-01,25.31,0.919,San Lorenzo,Paraguay,24.92S,56.75W
448336,1952-11-01,-14.747,0.5489999999999999,Astana,Kazakhstan,50.63N,72.25E
4075878,1845-01-01,-0.0020000000000000018,2.0,Lübeck,Germany,53.84N,9.55E
2069096,1975-09-01,21.529,0.364,Dos Hermanas,Spain,37.78N,6.10W
4134925,1963-08-01,26.205,0.21600000000000005,Langfang,China,39.38N,116.53E
1310148,1881-08-01,27.287,0.789,Cam Pha,Vietnam,21.70N,108.17E
7275624,1979-02-01,12.6,0.401,Susah,Tunisia,36.17N,9.94E
1786374,1938-06-01,25.934,0.397,Cotabato,Philippines,7.23N,124.05E
3989150,1968-02-01,-0.01100000000000001,0.21,Krasnodar,Russia,45.81N,38.08E
7959861,1952-01-01,-0.596,0.588,Van,Turkey,37.78N,42.71E
4709447,1896-12-01,5.3889999999999985,0.45,Matsusaka,Japan,34.56N,136.22E
158048,1822-08-01,25.326,1.608,Alanya,Turkey,36.17N,31.82E
300416,1789-12-01,4.62,2.151,Angers,France,47.42N,1.18W
207904,1761-02-01,13.837,3.0380000000000003,Almería,Spain,36.17N,1.99W
6611581,1863-11-01,,,Sambhal,India,28.13N,79.09E
3097541,1969-08-01,26.884,0.309,Ibaraki,Japan,34.56N,136.22E
8077290,1896-02-01,25.599,1.095,Vitória,Brazil,20.09S,40.95W
7963293,2004-04-01,7.864,0.321,Vanadzor,Armenia,40.99N,44.73E
7643502,1855-05-01,19.245,1.897,Tlalnepantla,Mexico,20.09N,98.96W
6770255,1902-04-01,19.331,0.685,Sapucaia,Brazil,29.74S,51.69W
2414844,1901-09-01,20.9,0.478,Fujimi,Japan,36.17N,139.23E
5204594,1795-08-01,20.855,2.374,New York,United States,40.99N,74.56W
88211,1876-10-01,26.619,1.0659999999999998,Adoni,India,15.27N,77.50E
2517943,1839-02-01,-2.9760000000000004,1.523,Gdansk,Poland,53.84N,17.73E
8232489,1776-01-01,-5.965,6.803,Witten,Germany,52.24N,7.88E
5310103,1862-07-01,29.059,0.925,Norman,United States,34.56N,97.30W
1295548,2005-03-01,29.629,0.564,Calabar,Nigeria,5.63N,8.07E
4007937,1810-10-01,5.895,2.739,Kryvyy Rih,Ukraine,47.42N,34.34E
1697972,1929-01-01,-5.859,0.518,Cluj Napoca,Romania,47.42N,22.50E
3984147,1821-02-01,-1.34,5.199,Kragujevac,Serbia,44.20N,20.12E
6201,1990-09-01,18.645,0.212,Çorlu,Turkey,40.99N,27.69E
8537569,1899-11-01,9.359,0.83,Zhicheng,China,29.74N,110.77E
2391415,1837-02-01,0.5820000000000001,1.55,Frankfurt,Germany,50.63N,8.87E
8129948,1808-02-01,9.544999999999998,2.032,Wahran,Algeria,36.17N,0.00W
5002126,1920-03-01,19.844,0.371,Mutare,Zimbabwe,18.48S,32.11E
6915090,1936-09-01,25.06900000000001,0.305,Shaoguan,China,24.92N,113.50E
6248925,1971-02-01,18.883,0.546,Ranchi,India,23.31N,84.76E
4392227,1755-03-01,1.0579999999999998,4.401,Lublin,Poland,50.63N,21.55E
2408088,1844-12-01,2.616,1.5519999999999998,Fuenlabrada,Spain,40.99N,4.26W
7985133,1944-03-01,-2.492,0.404,Velikie Luki,Russia,57.05N,30.98E
3504147,1883-01-01,25.379,0.51,Johor Bahru,Malaysia,0.80N,103.66E
1876774,1952-01-01,25.699,0.368,Daloa,Côte D'Ivoire,7.23N,5.68W
6996978,1935-08-01,28.09,0.17800000000000002,Sialkot,Pakistan,32.95N,73.72E
745302,1844-10-01,7.2959999999999985,0.778,Bataysk,Russia,47.42N,39.08E
7956583,1883-11-01,13.342,2.611,Valparaiso,Chile,32.95S,71.81W
8050325,1997-06-01,13.513,0.852,Vina Del Mar,Chile,32.95S,71.81W
3941137,1980-07-01,23.623,0.297,Konya,Turkey,37.78N,32.54E
7426950,1890-08-01,30.737,0.5,Tando Adam,Pakistan,26.52N,68.06E
5111568,1901-06-01,17.999000000000006,0.354,Nantes,France,47.42N,1.18W
3912763,1916-12-01,23.125999999999998,0.715,Koidu,Sierra Leone,8.84N,10.54W
4333014,1960-10-01,10.17,0.26,London,Canada,42.59N,80.73W
6956533,1842-08-01,17.485,1.589,Shimla,India,31.35N,77.28E
4174599,1973-09-01,27.427,0.282,Lawang,Indonesia,7.23S,112.70E
265814,1952-01-01,16.029,0.295,Amroha,India,28.13N,79.09E
63888,1965-03-01,27.735,0.315,Accra,Ghana,5.63N,0.00W
7212643,1957-11-01,14.747,0.299,Suining,China,29.74N,105.23E
7077907,1969-12-01,0.7629999999999999,0.583,Sofia,Bulgaria,42.59N,24.00E
112857,1862-04-01,,,Ahmadpur East,Pakistan,29.74N,72.00E
7929602,1887-07-01,19.431,0.541,Uzhhorod,Ukraine,49.03N,22.04E
7599653,1876-07-01,27.466,1.705,Tianjin,China,39.38N,116.53E
4439495,1847-02-01,-8.581999999999999,0.7859999999999999,Lyubertsy,Russia,55.45N,36.85E
8208241,1989-03-01,5.263,0.507,Westminster,United States,39.38N,104.05W
5141220,1852-05-01,25.44400000000001,1.3330000000000002,Natal,Brazil,5.63S,35.52W
245701,1825-05-01,30.583000000000002,1.581,Ambur,India,12.05N,78.90E
8074297,1993-03-01,26.73,0.237,Visakhapatnam,India,18.48N,82.82E
4804323,1929-06-01,26.457,0.165,Miami,United States,26.52N,80.60W
7443009,1892-10-01,26.055,0.408,Tanjung Morawa,Indonesia,4.02N,98.84E
3448287,1911-06-01,23.833,0.7909999999999999,Jieshou,China,32.95N,115.85E
5255344,1806-04-01,5.631,4.23,Nijmegen,Netherlands,52.24N,5.26E
5859141,1788-12-01,-9.788,3.683,Piatra Neamt,Romania,47.42N,27.24E
4288982,2008-10-01,7.399999999999999,0.232,Linxia,China,36.17N,103.43E
3969221,1846-02-01,25.284,1.612,Kota Bahru,Malaysia,5.63N,101.70E
8266884,1961-06-01,26.08,0.29600000000000004,Wuhu,China,31.35N,118.74E
2136718,1896-03-01,20.481,0.847,East London,South Africa,32.95S,27.77E
3684352,2004-04-01,9.556000000000001,0.235,Kassel,Germany,50.63N,8.87E
7017801,1896-02-01,27.137,0.8859999999999999,Sikasso,Mali,10.45N,5.73W
6243853,1924-08-01,24.423000000000002,0.391,Rancaekek,Indonesia,7.23S,107.84E
8016414,1958-04-01,32.137,0.711,Vidisha,India,23.31N,77.77E
3726686,1881-08-01,20.594,0.5870000000000001,Kecskemét,Hungary,47.42N,20.13E
1208149,1996-08-01,24.675,0.785,Buon Me Thuot,Vietnam,12.05N,108.49E
6462822,1951-02-01,22.855,0.8,São Bernardo Do Campo,Brazil,23.31S,46.31W
1947614,1898-10-01,17.548,0.6,Denizli,Turkey,37.78N,28.47E
7757803,1960-01-01,26.144,0.358,Trincomalee,Sri Lanka,8.84N,81.89E
1472411,1749-09-01,,,Charleston,United States,32.95N,79.47W
8544108,1899-09-01,20.845,1.286,Zhoucun,China,36.17N,117.35E
768472,1944-09-01,29.057,0.293,Beawar,India,26.52N,73.43E
5793478,1933-08-01,24.907,0.828,Peristérion,Greece,37.78N,24.41E
4963174,1856-08-01,,,Moundou,Chad,8.84N,15.41E
7082484,1966-11-01,22.464000000000002,0.624,Sohag,Egypt,26.52N,32.24E
8582573,1775-04-01,8.781,2.079,Zonguldak,Turkey,40.99N,31.95E
1514729,1984-10-01,5.136,0.261,Cherepovets,Russia,58.66N,36.92E
7269037,1950-11-01,24.02,0.269,Suriapet,India,16.87N,80.37E
4815073,1769-10-01,6.7929999999999975,3.644,Middlesbrough,United Kingdom,53.84N,1.36W
6916794,1905-12-01,8.344,0.799,Shaowu,China,28.13N,117.27E
2832404,1996-01-01,-4.084,0.6659999999999999,Halle,Germany,50.63N,11.41E
6108792,1910-05-01,26.113000000000003,0.377,Purwokerto,Indonesia,7.23S,109.46E
2550711,1886-12-01,24.726,1.422,Georgetown,Guyana,7.23N,57.57W
1384073,1751-02-01,10.587,2.207,Cartagena,Spain,37.78N,0.00W
6690071,1877-12-01,17.175,2.575,Sanbu,China,21.70N,113.37E
8010385,1859-05-01,14.845999999999998,0.6559999999999999,Vicenza,Italy,45.81N,12.69E
7001973,1812-01-01,-7.324,2.32,Sibiu,Romania,45.81N,24.23E
75115,1883-12-01,11.759,0.7979999999999999,Adana,Turkey,36.17N,35.80E
3249156,1835-04-01,23.25800000000001,2.518,Islamabad,Pakistan,32.95N,73.72E
8247050,2006-12-01,6.167999999999998,0.251,Wolverhampton,United Kingdom,52.24N,2.63W
8523281,1994-06-01,23.616,0.223,Zhaocheng,China,37.78N,120.00E
7226267,2003-06-01,25.576999999999998,0.456,Suleja,Nigeria,8.84N,7.30E
6465981,1850-11-01,,,São Carlos,Brazil,21.70S,47.60W
1004456,1827-06-01,,,Blitar,Indonesia,8.84S,112.70E
4592539,1841-10-01,5.295000000000001,1.636,Manchester,United States,42.59N,72.00W
3454955,1961-03-01,21.274,1.003,Jimma,Ethiopia,7.23N,36.49E
8409179,1896-05-01,15.130999999999998,1.087,Yinchuan,China,37.78N,105.76E
8345607,1928-10-01,0.07300000000000001,0.384,Yakeshi,China,49.03N,120.00E
3550969,1915-01-01,24.127,0.454,Kaduna,Nigeria,10.45N,7.36E
7659712,1885-12-01,3.776,0.7120000000000001,Tokyo,Japan,36.17N,139.23E
3262067,1998-03-01,27.615,0.322,Itaboraí,Brazil,23.31S,42.82W
7707464,1936-02-01,16.173000000000002,0.6459999999999999,Torreón,Mexico,24.92N,102.86W
6305231,1850-05-01,11.817,0.8140000000000001,Reims,France,49.03N,4.90E
6187082,1946-02-01,17.9,0.701,Quito,Ecuador,0.80S,77.95W
3278147,1885-06-01,16.154,1.105,Itapevi,Brazil,23.31S,46.31W
1851306,1786-04-01,9.408,4.437,Dabrowa Gornicza,Poland,50.63N,19.01E
6283619,1942-03-01,20.181,0.184,Rawalpindi,Pakistan,32.95N,73.72E
6408365,1921-09-01,15.398,0.603,Rongcheng,China,26.52N,103.88E
8102836,1945-09-01,14.875,0.239,Volgograd,Russia,49.03N,44.08E
7772827,1952-12-01,3.3229999999999995,0.2,Tsuchiura,Japan,36.17N,139.23E
3036714,1935-12-01,0.7469999999999999,0.3,Huainan,China,32.95N,117.77E
4236436,1765-05-01,11.999,2.802,Liège,Belgium,50.63N,6.34E
4170387,1811-06-01,17.143,4.0139999999999985,Lausanne,Switzerland,45.81N,5.77E
737699,2003-03-01,13.965,0.362,Bat Yam,Israel,31.35N,33.93E
5489230,1925-12-01,-4.023,0.722,Oradea,Romania,47.42N,22.50E
3590247,1979-10-01,2.9989999999999997,0.222,Kaluga,Russia,53.84N,36.82E
3755049,1898-08-01,19.038,0.998,Khabarovsk,Russia,49.03N,134.69E
7114368,1925-11-01,25.48,0.843,Soubré,Côte D'Ivoire,5.63N,6.46W
7936261,1809-01-01,-13.368,5.295,Västerås,Sweden,60.27N,16.22E
7914183,1841-07-01,23.158,1.6030000000000002,Usak,Turkey,39.38N,29.13E
8549498,2003-05-01,18.627,0.471,Zhucheng,China,36.17N,119.34E
8249854,1813-12-01,2.8120000000000003,2.116,Worcester,United Kingdom,52.24N,2.63W
4126613,2008-03-01,13.392999999999999,0.599,Lalitpur,Nepal,28.13N,84.55E
8531317,1926-11-01,10.501,0.429,Zhaoyang,China,32.95N,119.68E
1950388,1941-03-01,27.413,1.034,Denpasar,Indonesia,8.84S,115.95E
2306953,1893-10-01,24.487,0.336,Farrukhabad,India,28.13N,79.09E
2065443,1932-01-01,3.2830000000000004,0.5329999999999999,Dortmund,Germany,52.24N,7.88E
6254611,1930-04-01,6.365,1.107,Ranghulu,China,47.42N,124.34E
3263840,1964-03-01,25.565,0.536,Itabuna,Brazil,15.27S,39.17W
7543101,1846-10-01,,,Teresópolis,Brazil,21.70S,42.40W
3977341,1958-07-01,27.480999999999998,0.627,Kousséri,Cameroon,12.05N,14.79E
6189196,1924-09-01,20.4,1.009,Qujing,China,24.92N,104.63E
5685602,1965-03-01,12.454,0.314,Panzhihua,China,26.52N,102.09E
2991267,2002-12-01,18.416,0.142,Hollywood,United States,26.52N,80.60W
2200259,1894-09-01,10.211,0.309,Elblag,Poland,53.84N,20.45E
3249570,1869-10-01,,,Islamabad,Pakistan,32.95N,73.72E
1433714,1954-11-01,22.037,0.212,Champdani,India,23.31N,88.25E
2918427,1860-06-01,15.74,0.847,Heilbronn,Germany,49.03N,9.80E
5510817,1963-03-01,20.68,0.308,Orlando,United States,28.13N,80.91W
6425688,1774-12-01,0.9359999999999999,6.002999999999999,Rotterdam,Netherlands,52.24N,5.26E
2328225,2006-06-01,17.371,0.28800000000000003,Ferraz De Vasconcelos,Brazil,23.31S,46.31W
3129853,1920-12-01,25.473000000000006,0.522,Ikere,Nigeria,7.23N,5.68E
2862274,1975-12-01,4.265,0.398,Hangzhou,China,29.74N,120.00E
687752,2010-12-01,9.149,0.448,Bari,Italy,40.99N,17.04E
167667,1979-10-01,18.046,0.194,Alberton,South Africa,26.52S,28.66E
4199512,1911-01-01,1.5919999999999999,0.345,Leghorn,Italy,44.20N,11.18E
6742316,1947-02-01,24.554,0.615,Santa Teresa,Venezuela,10.45N,66.27W
4739872,1908-06-01,26.32500000000001,0.569,Mbour,Senegal,13.66N,17.34W
2848553,1814-08-01,16.332,1.676,Hamm,Germany,52.24N,7.88E
1764206,1999-04-01,14.499,0.787,Coquimbo,Chile,29.74S,72.00W
2801325,1920-02-01,7.645,0.8540000000000001,Haifa,Israel,32.95N,35.43E
1937180,1876-04-01,19.601,0.8490000000000001,Dekernes,Egypt,31.35N,32.04E
7223280,1912-04-01,29.451999999999998,0.457,Sukkur,Pakistan,28.13N,68.18E
6891840,1899-09-01,30.08,0.7120000000000001,Shahjahanpur,India,28.13N,79.09E
2754527,1765-09-01,15.302,1.806,Gyor,Hungary,47.42N,17.76E
8216820,1838-08-01,15.081,3.636,Wiesbaden,Germany,50.63N,8.87E
5078847,1954-03-01,25.553,0.314,Nampula,Mozambique,15.27S,39.17E
6927605,1942-05-01,21.785,0.546,Shashi,China,29.74N,112.62E
5557089,1779-01-01,-9.738,3.854,Oulu,Finland,65.09N,24.89E
2836144,1944-03-01,7.838999999999999,0.221,Hamamatsu,Japan,34.56N,138.16E
437205,1955-07-01,29.649,0.307,Asgabat,Turkmenistan,37.78N,58.98E
2527655,1935-11-01,14.581,0.263,Geelong,Australia,37.78S,144.41E
8241300,1970-06-01,17.469,0.245,Wolfsburg,Germany,52.24N,10.51E
4699211,1887-03-01,23.761999999999997,0.828,Mathura,India,28.13N,77.27E
3852072,1847-12-01,-6.767,2.416,Kirovohrad,Ukraine,49.03N,31.84E
8598689,1970-03-01,3.115,0.276,Zwolle,Netherlands,52.24N,5.26E
5367394,1857-04-01,25.733,3.093,Nueva San Salvador,El Salvador,13.66N,90.00W
685480,1821-08-01,23.35100000000001,1.4340000000000002,Bari,Italy,40.99N,17.04E
3214683,2012-01-01,11.967,0.96,Iráklion,Greece,34.56N,25.30E
6004696,1887-09-01,17.049,0.919,Posadas,Argentina,28.13S,55.45W
3812108,1853-11-01,1.986,2.102,Kiel,Germany,53.84N,9.55E
6901560,1876-06-01,22.059,1.177,Shakhty,Russia,47.42N,39.08E
4544293,1890-04-01,28.311,1.056,Makati,Philippines,15.27N,120.83E
7144164,1908-10-01,12.875,0.21,Springfield,United States,39.38N,89.48W
7368647,1899-08-01,24.784,0.229,Tajimi,Japan,36.17N,137.24E
576744,1917-10-01,11.496,0.57,Baku,Azerbaijan,40.99N,48.99E
7458716,1823-03-01,9.494,2.221,Taranto,Italy,40.99N,17.04E
880634,1944-06-01,31.3,0.382,Bhagalpur,India,24.92N,86.90E
6018611,1853-10-01,9.25,0.85,Poznan,Poland,52.24N,15.77E
883325,1950-12-01,19.167,0.675,Bhairab Bazar,Bangladesh,24.92N,90.44E
7152708,1976-05-01,29.424,0.529,Srikakulam,India,18.48N,84.51E
7706503,1856-01-01,9.67,3.033,Torreón,Mexico,24.92N,102.86W
4637212,1951-01-01,26.088,0.383,Marabá,Brazil,5.63S,48.43W
4777556,1822-10-01,17.416,2.21,Mesquite,United States,32.95N,96.70W
7899109,1944-07-01,17.361,0.369,Uppsala,Sweden,60.27N,16.22E
5648019,1936-09-01,21.676,0.331,Palmdale,United States,34.56N,118.70W
5430255,1987-09-01,32.075,0.361,Okara,Pakistan,31.35N,73.51E
5758677,1751-11-01,,,Pavlohrad,Ukraine,49.03N,36.73E
6471628,1957-12-01,25.003,0.545,São João De Meriti,Brazil,23.31S,42.82W
7033243,1889-09-01,28.339,2.119,Sinnar,Sudan,13.66N,33.85E
2857604,1952-09-01,21.74,0.34,Handan,China,36.17N,115.36E
3749344,1973-06-01,18.186,0.202,Kerch,Ukraine,45.81N,35.77E
6073457,1939-02-01,22.399,0.525,Puerto Cabello,Venezuela,10.45N,67.91W
3708778,1862-08-01,23.81900000000001,1.81,Kawagoe,Japan,36.17N,139.23E
7629754,1977-03-01,28.589000000000002,0.303,Tirunelveli,India,8.84N,77.03E
6922971,1900-06-01,26.666999999999998,1.026,Shaping,China,23.31N,112.72E
4121869,1830-08-01,26.209,1.827,Lalitpur,India,24.92N,78.03E
515095,1794-09-01,12.886,2.128,Bacau,Romania,45.81N,26.54E
5716016,1949-09-01,26.559,0.243,Pasadena,United States,29.74N,96.00W
3319385,1990-09-01,26.075,0.403,Jabalpur,India,23.31N,79.51E
3670528,1833-12-01,-4.8130000000000015,2.5,Kashi,China,39.38N,76.99E
4125093,1881-07-01,21.301,0.383,Lalitpur,Nepal,28.13N,84.55E
1489871,1959-06-01,17.616999999999994,0.5,Cheboksary,Russia,55.45N,48.19E
7635374,2010-01-01,24.263,0.368,Tiruppur,India,10.45N,77.73E
1187957,1944-06-01,27.627,0.225,Bugama,Nigeria,4.02N,7.23E
1570274,1971-02-01,22.745,0.556,Chincha Alta,Peru,13.66S,76.79W
4883792,1833-08-01,29.108,1.763,Moga,India,31.35N,75.39E
459453,1885-05-01,27.27,0.88,Asyut,Egypt,26.52N,30.45E
523032,1856-09-01,21.416999999999998,1.887,Badajoz,Spain,39.38N,6.24W
5017452,1850-06-01,29.311,1.172,Myingyan,Burma,21.70N,96.06E
5628615,1744-02-01,,,Palermo,Italy,37.78N,14.24E
6991843,1902-11-01,2.4459999999999997,0.8220000000000001,Shymkent,Kazakhstan,42.59N,69.82E
3309588,2007-01-01,7.580999999999999,0.382,Izmit,Turkey,40.99N,29.82E
7086881,1999-10-01,26.124,0.16699999999999998,Sokodé,Togo,8.84N,0.81E
5933826,1987-11-01,21.905,0.331,Poá,Brazil,23.31S,46.31W
3779439,1845-02-01,-6.386,3.851,Kherson,Ukraine,47.42N,31.97E
3176031,1744-07-01,23.653,1.746,Indianapolis,United States,39.38N,85.32W
6859211,1979-04-01,27.261,0.298,Seremban,Malaysia,2.41N,102.05E
2959474,1966-11-01,10.998,0.16,Himeji,Japan,34.56N,134.27E
1132720,1938-03-01,9.946,0.648,Brest,France,49.03N,4.90W
3942006,1835-03-01,25.532,1.158,Korba,India,21.70N,82.21E
6371036,1918-07-01,21.317,0.8009999999999999,Rio De Janeiro,Brazil,23.31S,42.82W
1857305,1954-11-01,22.108,0.386,Dadu,Pakistan,26.52N,68.06E
7479758,1997-02-01,12.758,0.431,Tarragona,Spain,40.99N,2.13E
820957,1811-09-01,23.414,2.551,Benghazi,Libya,32.95N,20.11E
2649219,1866-12-01,22.004,1.597,Gravataí,Brazil,29.74S,51.69W
